Region,Country
Latin America & Caribbean,Mexico
Latin America & Caribbean,Belize
Latin America & Caribbean,Guatemala
Latin America & Caribbean,Honduras
Latin America & Caribbean,El Salvador
Latin America & Caribbean,Nicaragua
Latin America & Caribbean,Costa Rica
Latin America & Caribbean,Panama
Latin America & Caribbean,Colombia
Latin America & Caribbean,Venezuela
Latin America & Caribbean,Ecuador
Latin America & Caribbean,Peru
Latin America & Caribbean,Brazil
Latin America & Caribbean,Bolivia
Latin America & Caribbean,Paraguay
Latin America & Caribbean,Chile
Latin America & Caribbean,Argentina
Latin America & Caribbean,Uruguay
Latin America & Caribbean,The Bahamas
Latin America & Caribbean,Barbados
Latin America & Caribbean,Cuba
Latin America & Caribbean,Dominican Republic
Latin America & Caribbean,Grenada
Latin America & Caribbean,Haiti
Latin America & Caribbean,Jamaica
Latin America & Caribbean,Saint Kitts and Nevis
Latin America & Caribbean,Saint Lucia
Latin America & Caribbean,Saint Vincent and the Grenadines
Latin America & Caribbean,Suriname
Latin America & Caribbean,Trinidad and Tobago
Latin America & Caribbean,Guyana
Europe & Central Asia,Albania
Europe & Central Asia,Andorra
Europe & Central Asia,Armenia
Europe & Central Asia,Austria
Europe & Central Asia,Azerbaijan
Europe & Central Asia,Belarus
Europe & Central Asia,Belgium
Europe & Central Asia,Bosnia and Herzegovina
Europe & Central Asia,Bulgaria
Europe & Central Asia,Croatia
Europe & Central Asia,Cyprus
Europe & Central Asia,Czech Republic
Europe & Central Asia,Denmark
Europe & Central Asia,Estonia
Europe & Central Asia,Finland
Europe & Central Asia,France
Europe & Central Asia,Georgia
Europe & Central Asia,Germany
Europe & Central Asia,Greece
Europe & Central Asia,Hungary
Europe & Central Asia,Iceland
Europe & Central Asia,Ireland
Europe & Central Asia,Italy
Europe & Central Asia,Kazakhstan
Europe & Central Asia,Kosovo
Europe & Central Asia,Kyrgyzstan
Europe & Central Asia,Latvia
Europe & Central Asia,Liechtenstein
Europe & Central Asia,Lithuania
Europe & Central Asia,Luxembourg
Europe & Central Asia,Malta
Europe & Central Asia,Moldova
Europe & Central Asia,Monaco
Europe & Central Asia,Montenegro
Europe & Central Asia,Netherlands
Europe & Central Asia,North Macedonia
Europe & Central Asia,Norway
Europe & Central Asia,Poland
Europe & Central Asia,Portugal
Europe & Central Asia,Romania
Europe & Central Asia,Russia
Europe & Central Asia,San Marino
Europe & Central Asia,Serbia
Europe & Central Asia,Slovakia
Europe & Central Asia,Slovenia
Europe & Central Asia,Spain
Europe & Central Asia,Sweden
Europe & Central Asia,Switzerland
Europe & Central Asia,Tajikistan
Europe & Central Asia,Turkey
Europe & Central Asia,Turkmenistan
Europe & Central Asia,Ukraine
Europe & Central Asia,United Kingdom
Europe & Central Asia,Uzbekistan
Middle East & North Africa,Algeria
Middle East & North Africa,Bahrain
Middle East & North Africa,Djibouti
Middle East & North Africa,Egypt
Middle East & North Africa,Iran
Middle East & North Africa,Iraq
Middle East & North Africa,Israel
Middle East & North Africa,Jordan
Middle East & North Africa,Kuwait
Middle East & North Africa,Lebanon
Middle East & North Africa,Libya
Middle East & North Africa,Malta
Middle East & North Africa,Morocco
Middle East & North Africa,Oman
Middle East & North Africa,Qatar
Middle East & North Africa,Saudi Arabia
Middle East & North Africa,Syria
Middle East & North Africa,Tunisia
Middle East & North Africa,United Arab Emirates
Middle East & North Africa,West Bank and Gaza
Middle East & North Africa,Yemen
Sub-Saharan Africa,Angola
Sub-Saharan Africa,Benin
Sub-Saharan Africa,Botswana
Sub-Saharan Africa,Burkina Faso
Sub-Saharan Africa,Burundi
Sub-Saharan Africa,Cabo Verde
Sub-Saharan Africa,Cameroon
Sub-Saharan Africa,Central African Republic
Sub-Saharan Africa,Chad
Sub-Saharan Africa,Comoros
Sub-Saharan Africa,Congo
Sub-Saharan Africa,Democratic Republic of the Congo
Sub-Saharan Africa,CÃ´te d'Ivoire
Sub-Saharan Africa,Equatorial Guinea
Sub-Saharan Africa,Eritrea
Sub-Saharan Africa,Eswatini
Sub-Saharan Africa,Ethiopia
Sub-Saharan Africa,Gabon
Sub-Saharan Africa,Gambia
Sub-Saharan Africa,Ghana
Sub-Saharan Africa,Guinea
Sub-Saharan Africa,Guinea-Bissau
Sub-Saharan Africa,Kenya
Sub-Saharan Africa,Lesotho
Sub-Saharan Africa,Liberia
Sub-Saharan Africa,Madagascar
Sub-Saharan Africa,Malawi
Sub-Saharan Africa,Mali
Sub-Saharan Africa,Mauritania
Sub-Saharan Africa,Mauritius
Sub-Saharan Africa,Mozambique
Sub-Saharan Africa,Namibia
Sub-Saharan Africa,Niger
Sub-Saharan Africa,Nigeria
Sub-Saharan Africa,Rwanda
Sub-Saharan Africa,Sao Tome and Principe
Sub-Saharan Africa,Senegal
Sub-Saharan Africa,Seychelles
Sub-Saharan Africa,Sierra Leone
Sub-Saharan Africa,Somalia
Sub-Saharan Africa,South Africa
Sub-Saharan Africa,South Sudan
Sub-Saharan Africa,Sudan
Sub-Saharan Africa,Togo
Sub-Saharan Africa,Uganda
Sub-Saharan Africa,Tanzania
Sub-Saharan Africa,Zambia
Sub-Saharan Africa,Zimbabwe
East Asia & Pacific,Australia
East Asia & Pacific,Brunei Darussalam
East Asia & Pacific,Cambodia
East Asia & Pacific,China
East Asia & Pacific,Fiji
East Asia & Pacific,Indonesia
East Asia & Pacific,Japan
East Asia & Pacific,Kiribati
East Asia & Pacific,Lao PDR
East Asia & Pacific,Malaysia
East Asia & Pacific,Marshall Islands
East Asia & Pacific,Micronesia
East Asia & Pacific,Mongolia
East Asia & Pacific,Myanmar
East Asia & Pacific,Nauru
East Asia & Pacific,New Zealand
East Asia & Pacific,Palau
East Asia & Pacific,Papua New Guinea
East Asia & Pacific,Philippines
East Asia & Pacific,Republic of Korea
East Asia & Pacific,Samoa
East Asia & Pacific,Singapore
East Asia & Pacific,Solomon Islands
East Asia & Pacific,Thailand
East Asia & Pacific,Timor-Leste
East Asia & Pacific,Tonga
East Asia & Pacific,Tuvalu
East Asia & Pacific,Vanuatu
East Asia & Pacific,Vietnam
East Asia & Pacific,"Hong Kong SAR, China"
East Asia & Pacific,"Macao SAR, China"
South Asia,Afghanistan
South Asia,Bangladesh
South Asia,Bhutan
South Asia,India
South Asia,Maldives
South Asia,Nepal
South Asia,Pakistan
South Asia,Sri Lanka
